Time (s),Fire Area,Brightness,Centroid X,Centroid Y,Spread Speed
0.0,40822,219.96288765861544,538,552,0.0
0.03336666666666667,39488,221.23847751215558,536,549,-39980.01998001998
0.06673333333333334,39136,220.70104251839737,534,549,-10549.450549450548
0.10010000000000001,38123,220.86535687118013,531,547,-30359.640359640358
0.13346666666666668,41048,221.1869031377899,532,543,87662.33766233765
0.16683333333333333,40114,220.53796679463528,527,542,-27992.007992007988
0.20020000000000002,44072,221.47179615175168,527,536,118621.37862137861
0.23356666666666667,45922,221.43242890118026,521,530,55444.55544455544
0.26693333333333336,51615,220.67034776712197,517,521,170619.3806193806
0.3003,61262,222.52064901570304,505,502,289120.8791208791
0.33366666666666667,62097,221.4536773113033,498,495,25024.97502497502
0.3670333333333333,67615,222.8338682245064,495,488,165374.62537462535
0.40040000000000003,75027,222.7152758340331,501,486,222137.86213786213
0.4337666666666667,85791,223.59594829294448,509,482,322597.4025974026
0.46713333333333334,96170,226.04975564105231,511,471,311058.941058941
0.5005000000000001,109278,227.47079924595985,514,463,392847.1528471528
0.5338666666666667,121975,227.4734986677598,507,453,380529.4705294705
0.5672333333333334,123934,227.86124066035148,509,452,58711.288711288704
0.6006,147346,227.93438573154344,509,441,701658.3416583416
0.6339666666666667,158976,227.540603613124,495,433,348551.4485514485
0.6673333333333333,185821,227.298077181804,445,406,804545.4545454545
0.7007,183270,227.33334970262453,445,406,-76453.54645354644
0.7340666666666666,183311,226.24220041350492,445,406,1228.7712287712286
0.7674333333333333,198751,227.32236818934246,428,394,462737.2627372627
0.8008000000000001,197639,226.43807143326976,427,394,-33326.67332667332
0.8341666666666667,214101,227.99955161349084,417,384,493366.6333666333
0.8675333333333334,204923,226.92607955183166,506,415,-275064.93506493507
0.9009,179077,226.18371985235402,509,424,-774605.3946053946
0.9342666666666667,181959,226.92393890931473,503,420,86373.62637362636
0.9676333333333333,200192,227.76458100223786,499,411,546443.5564435564
1.0010000000000001,230680,228.40635078897174,407,370,913726.2737262737
1.0343666666666667,220972,228.47252140542693,413,375,-290949.0509490509
1.0677333333333334,235059,229.27693898127703,403,366,422187.8121878122
1.1011,250234,229.59260532141914,396,371,454795.20479520474
1.1344666666666667,243603,229.87548593408127,400,376,-198731.2687312687
1.1678333333333333,266439,229.7346522093237,388,359,684395.6043956043
1.2012,276337,230.65554739321914,384,353,296643.3566433566
1.2345666666666666,294742,231.2302115070129,380,342,551598.4015984016
1.2679333333333334,326351,232.3778324564656,380,339,947322.6773226772
1.3013000000000001,321252,232.1777327456327,377,340,-152817.1828171828
1.3346666666666667,330577,232.86404075298645,374,317,279470.52947052947
1.3680333333333334,336282,232.5902783972975,376,329,170979.02097902098
1.4014,348551,233.70292439270006,377,322,367702.2977022977
1.4347666666666667,352634,233.22622322294504,377,318,122367.63236763235
1.4681333333333333,360511,233.9336802483142,377,313,236073.92607392606
1.5015,365528,234.29225668074676,379,310,150359.64035964035
1.5348666666666666,363601,234.46462743501806,379,312,-57752.24775224775
1.5682333333333334,352510,232.80708348699326,374,298,-332397.60239760234
1.6016000000000001,347623,232.51835177764417,373,296,-146463.53646353644
1.6349666666666667,348496,231.62815929020707,374,296,26163.83616383616
1.6683333333333334,351150,231.6247757368646,374,294,79540.45954045953
1.7017,340610,230.02100936555004,370,297,-315884.11588411586
1.7350666666666668,322868,228.82033214812245,363,299,-531728.2717282717
1.7684333333333333,300865,227.09241021720706,359,305,-659430.5694305694
1.8018,276674,225.35739534614746,365,313,-725004.9950049949
1.8351666666666666,273585,225.47790631796335,370,311,-92577.42257742256
1.8685333333333334,273740,225.93374369839995,372,311,4645.354645354645
1.9019,269850,225.32287196590698,375,314,-116583.41658341658
1.9352666666666667,268150,224.33168375909005,371,308,-50949.05094905094
1.9686333333333335,257750,224.3175480116392,373,312,-311688.3116883117
2.0020000000000002,253276,223.95534910532385,374,313,-134085.91408591406
2.0353666666666665,239092,223.87808040419588,378,317,-425094.90509490506
2.0687333333333333,224167,222.9912788233772,382,330,-447302.6973026973
2.1021,204585,223.3351516484591,483,452,-586873.1268731268
2.135466666666667,206778,223.86334136126666,488,459,65724.27572427572
2.168833333333333,206199,224.6997172634203,489,458,-17352.647352647353
2.2022,226520,224.22147271764084,487,447,609020.979020979
2.2355666666666667,223676,224.5261807256925,486,448,-85234.76523476523
2.2689333333333335,188443,224.50159995330154,488,454,-1055934.0659340657
2.3023000000000002,184563,225.50395257987788,486,455,-116283.71628371628
2.3356666666666666,202221,223.8028889185594,476,446,529210.7892107891
2.3690333333333333,212990,223.85077703178553,395,331,322747.2527472527
2.4024,203227,223.59140763776466,465,408,-292597.4025974026
2.435766666666667,249200,225.64316211878008,377,309,1377812.1878121877
2.469133333333333,248384,224.22833596366917,376,309,-24455.544455544452
2.5025,253309,225.4434702280614,377,309,147602.3976023976
2.5358666666666667,260110,225.35062473568874,374,306,203826.17382617382
2.5692333333333335,240745,223.3488338283246,384,314,-580369.6303696303
2.6026000000000002,234808,223.81842185956185,387,317,-177932.0679320679
2.6359666666666666,258397,225.15921237475666,385,311,706963.0369630369
2.6693333333333333,272236,226.2264983323293,385,306,414755.2447552447
2.7027,259587,224.35715578977374,387,308,-379090.90909090906
2.736066666666667,258939,224.95540262378398,394,313,-19420.57942057942
2.769433333333333,240746,223.95062015568274,397,318,-545244.7552447552
2.8028,236808,224.05373973852235,395,316,-118021.97802197801
2.8361666666666667,235113,224.10087064517913,391,319,-50799.20079920079
2.8695333333333335,236618,223.84908586836167,386,320,45104.8951048951
2.9029000000000003,238165,223.52837738542607,428,423,46363.63636363636
2.9362666666666666,259239,226.16541492599492,380,326,631588.4115884115
2.9696333333333333,261565,225.6400321143884,374,315,69710.28971028971
3.003,242642,225.24722430576733,389,323,-567122.877122877
3.036366666666667,241452,226.15808110928882,389,323,-35664.33566433566
3.069733333333333,248457,226.7162084384823,389,323,209940.05994005993
3.1031,218874,222.90624286118955,392,333,-886603.3966033965
3.1364666666666667,231182,225.84907562007422,391,328,368871.12887112884
3.1698333333333335,236135,226.63482753509646,394,332,148441.55844155842
3.2032000000000003,222904,224.1149104547249,394,336,-396533.4665334665
3.2365666666666666,231132,225.2673493934202,387,331,246593.40659340657
3.2699333333333334,229328,223.74775430823973,390,335,-54065.93406593406
3.3033,223167,223.3231033262086,387,336,-184645.35464535464
3.336666666666667,210544,222.6185927882058,386,324,-378311.68831168825
3.370033333333333,191623,221.5441831095432,397,368,-567062.9370629371
3.4034,209335,222.91511691785894,389,356,530829.1708291707
3.4367666666666667,175358,223.06133167577184,395,412,-1018291.7082917083
3.4701333333333335,149901,222.96853256482612,397,446,-762947.0529470529
3.5035000000000003,142209,224.38905413862696,403,452,-230529.4705294705
3.5368666666666666,147513,224.3155043962227,401,448,158961.03896103895
3.5702333333333334,145298,224.2702170711228,402,451,-66383.61638361638
3.6036,133614,224.36292604068436,401,472,-350169.8301698301
3.636966666666667,124696,226.11152723423365,410,484,-267272.72727272724
3.6703333333333332,123222,226.03947347064647,416,488,-44175.82417582417
3.7037,120134,226.29111658647844,417,490,-92547.45254745254
3.7370666666666668,118432,226.5314188732775,481,518,-51008.991008991004
3.7704333333333335,122681,226.57877747980535,419,486,127342.65734265733
3.8038,119808,226.02954727564102,472,508,-86103.8961038961
3.8371666666666666,117119,226.4608133607698,468,477,-80589.41058941059
3.8705333333333334,122859,225.8177911264132,431,463,172027.97202797202
3.9039,119156,226.10437577629327,469,474,-110979.02097902096
3.937266666666667,113681,226.09302346038476,476,481,-164085.91408591406
3.9706333333333332,124231,227.05980793843727,447,493,316183.8161838162
4.0040000000000004,117217,226.72312889768548,482,481,-210209.7902097902
4.037366666666666,128279,227.6287311251257,450,489,331528.4715284715
4.070733333333333,127933,226.07131076422814,442,486,-10369.63036963037
4.1041,127650,225.87377203290248,437,480,-8481.51848151848
4.137466666666667,144152,227.9322728786281,414,447,494565.4345654345
4.170833333333333,135383,226.91691719048922,421,454,-262807.1928071928
4.2042,128654,226.87021002067561,433,464,-201668.33166833164
4.237566666666667,133625,227.2996445275959,423,458,148981.01898101898
4.270933333333334,135417,227.3376533226995,421,457,53706.293706293705
4.3043000000000005,142305,227.97232001686518,408,450,206433.56643356642
4.337666666666666,134825,225.3239087706286,423,478,-224175.82417582415
4.371033333333333,138551,226.0997177934479,412,452,111668.33166833167
4.4044,132535,225.97748519259065,426,461,-180299.7002997003
4.437766666666667,128215,226.94681589517606,434,465,-129470.52947052947
4.471133333333333,125974,226.4223093654246,432,465,-67162.83716283715
4.5045,122568,227.48405782912343,457,470,-102077.92207792206
4.537866666666667,122691,227.66772623908844,454,469,3686.313686313686
4.571233333333334,111546,226.29379807433705,465,478,-334015.984015984
4.6046000000000005,113417,226.17215232284403,465,478,56073.92607392607
4.637966666666666,111707,224.92946726704682,463,477,-51248.75124875124
4.671333333333333,112274,225.31413328108022,465,476,16993.00699300699
4.7047,105305,223.6686292198851,479,487,-208861.13886113884
4.738066666666667,102403,223.1990664336006,484,491,-86973.02697302696
4.771433333333333,103572,224.05691692735488,485,516,35034.96503496503
4.8048,107821,223.87763979187727,484,510,127342.65734265733
4.838166666666667,96108,223.67870520664252,494,505,-351038.961038961
4.871533333333334,94314,223.13757236465423,502,510,-53766.23376623376
4.9049000000000005,89022,223.35679944283436,510,515,-158601.3986013986
4.938266666666666,88939,223.43541078716873,518,518,-2487.5124875124875
4.971633333333333,92077,224.39577744713662,514,513,94045.95404595404
5.005,92827,224.26580628480937,508,541,22477.522477522474
5.038366666666667,110164,225.9599687738281,498,526,519590.40959040954
5.071733333333333,120702,226.30495766433035,476,512,315824.1758241758
5.1051,128590,226.76395520647017,473,505,236403.59640359637
5.138466666666667,134770,226.32571788973806,461,497,185214.7852147852
5.171833333333334,148806,228.6886281467145,449,484,420659.3406593406
5.2052000000000005,147475,227.4592642820817,447,482,-39890.10989010989
5.238566666666666,154492,229.1504867565958,439,474,210299.7002997003
5.271933333333333,156812,228.43473076040098,439,472,69530.46953046952
5.3053,172147,230.39993726292064,432,463,459590.40959040954
5.338666666666667,164296,227.61080610605248,445,469,-235294.7052947053
5.372033333333333,168675,227.9394753223655,447,466,131238.76123876122
5.4054,179076,228.1207141102102,450,462,311718.2817182817
5.438766666666667,167446,226.56377578443198,465,470,-348551.4485514485
5.472133333333334,164899,225.5943456297491,477,473,-76333.66633366633
5.5055000000000005,168627,226.57263071750074,477,469,111728.27172827172
5.538866666666666,161757,224.76888789975087,485,474,-205894.1058941059
5.572233333333333,163167,225.02643916968503,452,479,42257.742257742255
5.6056,167881,224.55370172920104,444,487,141278.72127872126
5.638966666666667,175332,225.42128077019598,441,487,223306.69330669328
5.6723333333333334,173951,225.68583106736955,439,471,-41388.61138861138
5.7057,177457,224.85974630473862,432,468,105074.92507492506
5.739066666666667,182762,225.31590264934724,428,464,158991.00899100897
5.772433333333334,177331,224.0582752028692,422,468,-162767.23276723275
5.8058000000000005,179603,224.59772386875497,416,468,68091.90809190809
5.839166666666666,196993,226.2015452325717,416,477,521178.82117882115
5.872533333333333,196976,226.06090589716513,413,473,-509.49050949050945
5.9059,195576,224.9366997995664,412,470,-41958.041958041955
5.939266666666667,197135,224.43742612930225,408,468,46723.27672327672
5.9726333333333335,227622,227.78072418307545,409,455,913696.3036963036
6.006,229150,226.11530002181976,417,441,45794.20579420579
6.039366666666667,248602,228.13939952212775,402,440,582977.0229770229
6.072733333333334,234017,224.08464769653486,405,442,-437112.88711288705
6.1061000000000005,244130,225.04249375332813,400,436,303086.91308691306
6.139466666666666,261960,226.49021224614444,398,430,534365.6343656343
6.172833333333333,265215,226.29460626284336,391,429,97552.44755244754
6.2062,267834,225.59709372223094,391,429,78491.50849150849
6.239566666666667,272526,226.62525410419556,385,429,140619.3806193806
6.2729333333333335,261505,225.24085963939504,398,424,-330299.70029970026
6.3063,279796,227.30687715335458,392,414,548181.8181818181
6.339666666666667,279666,226.63758554847567,397,411,-3896.1038961038957
6.373033333333334,285258,226.90053916104017,395,414,167592.40759240757
6.4064000000000005,273509,224.83589571092725,396,411,-352117.8821178821
6.439766666666666,261313,224.38761179122355,394,414,-365514.4855144855
6.473133333333333,280902,225.05083623470108,395,401,587082.9170829171
6.5065,264892,223.1081421862495,386,399,-479820.17982017976
6.539866666666667,257662,221.79068702408583,383,397,-216683.31668331666
6.5732333333333335,247808,221.72945183367767,378,391,-295324.6753246753
6.6066,244156,220.42263143236292,379,390,-109450.54945054944
6.639966666666667,211353,220.215142439426,303,412,-983106.893106893
6.673333333333334,202939,220.49236962831196,297,398,-252167.83216783215
6.7067000000000005,204662,220.84798350450987,295,394,51638.36163836163
6.740066666666666,154089,221.88830481085606,297,400,-1515674.3256743255
6.773433333333333,181070,219.84991439774672,292,377,808621.3786213786
6.8068,154607,220.49842503896977,328,447,-793096.903096903
6.840166666666667,141471,222.55718133044934,346,462,-393686.31368631363
6.8735333333333335,126348,224.04260455250576,339,461,-453236.7632367632
6.9069,138608,224.21093299088076,336,453,367432.5674325674
6.940266666666667,150414,223.2615647479623,333,444,353826.1738261738
6.973633333333334,140332,224.96546760539292,333,458,-302157.8421578421
7.007000000000001,131159,225.80413086406574,335,447,-274915.0849150849
7.040366666666666,121944,224.3522354523388,332,448,-276173.8261738262
7.073733333333333,120916,223.2699063812895,330,446,-30809.190809190808
7.1071,113290,222.64471709771382,338,461,-228551.44855144853
7.140466666666667,108652,221.55896808158155,343,467,-139000.999000999
7.1738333333333335,102764,220.11157603830134,344,471,-176463.53646353644
7.2072,90968,220.11938264004925,284,407,-353526.4735264735
7.240566666666667,80013,219.42911776836263,204,358,-328321.6783216783
7.273933333333334,94572,220.49538975595314,317,452,436333.6663336663
7.307300000000001,84081,219.59621079673173,438,568,-314415.5844155844
7.3406666666666665,82857,219.50874398059307,447,575,-36683.31668331668
7.374033333333333,65325,220.35326444699578,414,501,-525434.5654345654
7.4074,60866,221.91491144481319,422,510,-133636.36363636362
7.440766666666667,61648,221.40552815987542,418,507,23436.563436563436
7.4741333333333335,64299,222.43736294499138,422,508,79450.54945054944
7.5075,64862,221.10745891276864,423,509,16873.126873126872
7.540866666666667,61513,222.2755352527108,430,513,-100369.63036963037
7.574233333333334,58610,221.72059375533186,433,516,-87002.997002997
7.6076,61812,222.5397980974568,436,515,95964.03596403595
7.6409666666666665,52347,223.45043651021072,393,669,-283666.33366633364
7.674333333333333,53869,224.86439325029238,401,668,45614.38561438561
7.7077,58534,224.1580107288072,473,614,139810.1898101898
7.741066666666667,58000,224.49374137931034,471,608,-16003.996003996002
7.7744333333333335,55468,223.83372394894354,467,606,-75884.11588411588
7.8078,56612,225.17778916130857,465,596,34285.71428571428
7.841166666666667,57205,225.25887597238003,462,594,17772.227772227772
7.874533333333334,58155,226.38921846788753,461,590,28471.52847152847
7.9079,60122,225.8663051794684,464,591,58951.04895104895
7.9412666666666665,58405,227.00001712182177,437,619,-51458.541458541455
7.974633333333333,56679,226.789816334092,432,613,-51728.27172827172
8.008000000000001,55065,226.79061109597748,456,597,-48371.628371628365
8.041366666666667,54028,225.81724291108316,461,610,-31078.921078921077
8.074733333333333,53716,227.2855387594013,460,610,-9350.64935064935
8.1081,51213,226.831878624568,467,628,-75014.98501498501
8.141466666666666,50270,227.58919832902328,469,635,-28261.73826173826
8.174833333333334,52009,227.1151723740122,469,629,52117.882117882116
8.2082,52358,228.67603804576186,468,630,10459.540459540458
8.241566666666667,53255,227.40672237348605,469,627,26883.11688311688
8.274933333333333,54143,227.64843100677834,468,621,26613.38661338661
8.308300000000001,55485,226.71523835270793,467,616,40219.780219780216
8.341666666666667,55939,227.8616886251095,464,610,13606.393606393605
8.375033333333333,56517,227.5559035334501,451,541,17322.677322677322
8.4084,57559,228.36859570180164,449,541,31228.771228771227
8.441766666666666,59000,227.39371186440678,446,536,43186.81318681318
8.475133333333334,59074,227.94219115008295,442,533,2217.7822177822177
8.5085,59070,226.21897748434063,441,529,-119.88011988011986
8.541866666666667,59330,226.58762851845609,437,524,7792.2077922077915
8.575233333333333,63232,225.5739973431174,431,515,116943.05694305693
8.608600000000001,62879,226.83708392309038,429,510,-10579.420579420579
8.641966666666667,62695,226.39945769200096,432,510,-5514.485514485514
8.675333333333333,62401,226.8715885963366,440,511,-8811.188811188811
8.7087,64449,225.38832254961287,437,506,61378.62137862137
8.742066666666666,64048,225.46084186859855,436,504,-12017.982017982016
8.775433333333334,63177,224.6255915918768,431,500,-26103.896103896102
8.8088,64534,225.55789196392598,425,494,40669.330669330666
8.842166666666667,63384,224.81818755521897,420,499,-34465.53446553446
8.875533333333333,68614,226.0940187133821,405,487,156743.25674325673
8.908900000000001,64568,224.74093978441334,400,489,-121258.74125874125
8.942266666666667,69167,225.26266861364525,397,481,137832.16783216782
8.975633333333333,66381,224.5378948795589,386,479,-83496.50349650349
9.009,62387,223.37353935916136,402,487,-119700.29970029969
9.042366666666666,62468,224.146186847666,399,483,2427.5724275724274
9.075733333333334,62635,224.7444400095793,395,481,5004.995004995005
9.1091,55265,224.22033836967339,389,485,-220879.12087912086
9.142466666666667,57751,223.94988831362227,387,482,74505.4945054945
9.175833333333333,59992,225.60161354847313,386,476,67162.83716283715
9.209200000000001,58651,224.96978738640433,382,478,-40189.81018981019
9.242566666666667,61563,226.1076620697497,379,470,87272.72727272726
9.275933333333333,59479,224.45387447670606,373,470,-62457.542457542455
9.3093,62495,226.3189215137211,370,461,90389.61038961039
9.342666666666666,63971,225.60327335824044,358,457,44235.76423576423
9.376033333333334,55007,224.60828621811768,345,466,-268651.3486513486
9.4094,52503,224.56295830714436,362,472,-75044.95504495504
9.442766666666667,46960,225.82529812606472,364,481,-166123.8761238761
9.476133333333333,47027,225.35326514555467,381,488,2007.9920079920078
9.509500000000001,47962,225.64672032025354,364,480,28021.97802197802
9.542866666666667,48265,223.74903138920544,365,478,9080.91908091908
9.576233333333333,48655,224.5242832185798,371,483,11688.311688311687
9.6096,50805,223.10983170947742,373,483,64435.56443556443
9.642966666666666,51790,223.68710175709597,372,478,29520.47952047952
9.676333333333334,48759,222.71455526159272,378,482,-90839.16083916083
9.7097,49214,223.2460478725566,381,476,13636.363636363636
9.743066666666667,48354,221.6191214790917,380,473,-25774.22577422577
9.776433333333333,45726,223.11348029567424,366,484,-78761.23876123875
9.809800000000001,46236,222.53780603858465,363,483,15284.715284715283
9.843166666666667,46520,222.97856835769562,361,481,8511.488511488511
9.876533333333333,43173,222.74261691334863,347,477,-100309.6903096903
9.9099,40542,223.9767155049085,202,594,-78851.14885114884
9.943266666666666,39738,223.2841612562283,203,596,-24095.904095904094
9.976633333333334,37796,223.41792782305006,231,614,-58201.7982017982
10.01,35543,221.78040683116225,232,616,-67522.47752247752
10.043366666666667,36692,223.4295214215633,235,617,34435.56443556443
10.076733333333333,40204,223.4500547209233,237,615,105254.74525474524
10.110100000000001,40985,224.00214712699767,238,614,23406.593406593405
10.143466666666667,38534,223.20623345616858,238,615,-73456.54345654346
10.176833333333333,37267,224.29972898274613,239,615,-37972.02797202797
10.2102,37478,223.76476866428305,254,619,6323.676323676324
10.243566666666666,37954,224.2521736839332,254,618,14265.734265734265
10.276933333333334,36201,223.3106267782658,237,612,-52537.46253746253
10.3103,34630,224.25642506497258,206,599,-47082.917082917076
10.343666666666667,32890,224.26111280024324,209,605,-52147.85214785214
10.377033333333333,32524,224.49612593776902,209,605,-10969.030969030968
10.410400000000001,31692,223.84579704657327,204,605,-24935.064935064933
10.443766666666667,31669,224.60238719252266,204,605,-689.3106893106892
10.477133333333333,30318,225.8618642390659,203,607,-40489.51048951049
10.5105,30696,224.3945139431848,203,608,11328.671328671328
10.543866666666666,30233,225.54939966262032,203,608,-13876.123876123875
10.577233333333334,30216,224.64972200158857,203,609,-509.49050949050945
10.6106,30700,225.8255048859935,203,609,14505.494505494504
10.643966666666667,32362,225.1028366602806,203,607,49810.189810189804
10.677333333333333,32982,227.01512946455642,208,610,18581.41858141858
10.710700000000001,33864,227.07016300496102,207,607,26433.56643356643
10.744066666666667,34254,228.0947626554563,238,620,11688.311688311687
10.777433333333333,35704,226.68364889088056,238,616,43456.543456543455
10.8108,37594,227.86564345374262,239,615,56643.35664335664
10.844166666666666,38386,227.36586255405618,239,614,23736.263736263736
10.877533333333334,38924,227.34891069777,237,611,16123.876123876122
10.9109,41212,225.2720324177424,237,608,68571.42857142857
10.944266666666667,42749,226.1915600364921,253,615,46063.93606393606
10.977633333333333,46364,225.62095591407126,357,668,108341.65834165833
11.011000000000001,47018,225.03836828448678,236,605,19600.3996003996
11.044366666666667,47167,223.76504759683678,235,602,4465.534465534465
11.077733333333333,45134,225.4669428811982,237,606,-60929.07092907093
11.1111,44290,224.62702641679837,237,608,-25294.705294705294
11.144466666666666,44107,224.8894959983676,238,607,-5484.515484515484
11.177833333333334,45007,223.43362143666542,356,603,26973.026973026972
11.2112,45336,224.69064319745897,356,598,9860.13986013986
11.244566666666667,43577,224.1663492209193,375,644,-52717.28271728272
11.277933333333333,40939,225.53262170546424,210,604,-79060.93906093905
11.311300000000001,42057,224.89908933114583,210,603,33506.493506493505
11.344666666666667,41941,224.46300755823657,235,613,-3476.5234765234763
11.378033333333333,40612,225.57185068452674,205,599,-39830.16983016983
11.4114,41171,224.70066308809598,255,622,16753.246753246753
11.444766666666666,38042,224.2510908995321,290,641,-93776.22377622376
11.478133333333334,38666,223.85581647959447,256,625,18701.2987012987
11.5115,37247,226.50302037748006,239,617,-42527.47252747252
11.544866666666667,36613,225.6563515691148,258,626,-19000.999000999
11.578233333333333,35470,226.19438962503523,258,626,-34255.744255744255
11.611600000000001,36365,224.0633026261515,239,618,26823.176823176822
11.644966666666667,36463,224.0896799495379,238,618,2937.0629370629367
11.678333333333333,36494,226.12037595221133,476,724,929.070929070929
11.7117,37763,224.34396102004607,239,620,38031.96803196803
11.745066666666666,35859,225.78228617641318,241,624,-57062.93706293706
11.778433333333334,36117,224.40703823684137,241,621,7732.267732267732
11.8118,34839,225.15654869542755,241,622,-38301.6983016983
11.845166666666668,35167,223.1763300821793,376,689,9830.169830169829
11.878533333333333,34781,224.08369512089934,477,728,-11568.431568431568
11.911900000000001,34305,223.7211193703542,375,692,-14265.734265734265
11.945266666666667,35055,224.71929824561403,213,613,22477.522477522474
11.978633333333333,34922,223.03974571903098,214,613,-3986.0139860139857
12.012,35713,223.96555876011536,293,642,23706.293706293705
12.045366666666666,33639,224.6757929783882,295,647,-62157.842157842155
12.078733333333334,33638,224.33845650752124,296,648,-29.970029970029966
12.1121,31824,223.16823780794368,208,612,-54365.63436563436
12.145466666666668,32303,222.6367520044578,208,612,14355.644355644354
12.178833333333333,30685,223.70721851067296,372,702,-48491.50849150849
12.212200000000001,30610,222.73381247958184,372,703,-2247.7522477522475
12.245566666666667,29779,222.45333960173278,372,703,-24905.094905094902
12.278933333333333,30380,221.45506912442397,372,703,18011.98801198801
12.3123,28375,223.31066079295155,372,704,-60089.91008991008
12.345666666666666,27965,222.81902377972466,373,708,-12287.712287712287
12.379033333333334,27568,223.36415409170053,373,708,-11898.101898101897
12.4124,28237,222.14516414633283,373,708,20049.95004995005
12.445766666666668,28512,225.09371492704827,372,701,8241.758241758242
12.479133333333333,29092,223.2992231541317,207,621,17382.61738261738
12.512500000000001,27706,224.83321302245002,373,707,-41538.46153846153
12.545866666666667,27693,222.5707579532734,373,708,-389.6103896103896
12.579233333333333,26885,224.81458062116423,373,708,-24215.784215784213
12.6126,27903,224.3199655950973,372,706,30509.490509490508
12.645966666666666,27888,225.106533275961,371,705,-449.5504495504495
12.679333333333334,29549,223.80270059900505,293,651,49780.21978021978
12.7127,28795,225.97145337732246,287,648,-22597.402597402597
12.746066666666668,29420,225.05180149558123,252,636,18731.26873126873
12.779433333333333,29926,225.4026598944062,252,637,15164.835164835164
12.812800000000001,30554,223.93614584015185,266,638,18821.17882117882
12.846166666666667,31886,223.8464529887725,263,636,39920.079920079916
12.879533333333333,32239,225.3327026272527,294,645,10579.420579420579
12.9129,33426,223.20995632142643,295,646,35574.42557442557
12.946266666666666,32896,225.83545111867704,295,644,-15884.115884115883
12.979633333333334,33157,225.11674759477637,294,643,7822.177822177821
13.013,33101,225.3542491163409,294,644,-1678.3216783216783
13.046366666666668,31862,223.03555960077836,294,646,-37132.867132867126
13.079733333333333,33773,225.00909010156042,372,674,57272.727272727265
13.113100000000001,37366,224.2147139110421,374,662,107682.31768231768
13.146466666666667,37545,224.48738846717274,369,640,5364.635364635365
13.179833333333333,37338,222.63758101665863,371,651,-6203.796203796203
13.2132,37857,224.24220091396572,370,643,15554.445554445552
13.246566666666666,39133,223.52850535353792,369,635,38241.75824175824
13.279933333333334,38199,222.3223644598026,369,635,-27992.007992007988
13.3133,39872,220.51359349919744,368,630,50139.86013986014
13.346666666666668,38633,221.2471721067481,369,633,-37132.867132867126
13.380033333333333,39038,220.1566678620831,369,627,12137.862137862137
13.413400000000001,36711,221.50570673640053,369,640,-69740.25974025973
13.446766666666667,34532,220.4684929920074,370,647,-65304.6953046953
13.480133333333333,35818,221.55706627952426,242,629,38541.45854145854
13.5135,34830,221.75279931093885,215,618,-29610.389610389608
13.546866666666666,34571,223.121894073067,370,693,-7762.237762237762
13.580233333333334,37026,220.57610868038677,214,616,73576.42357642356
13.6136,33900,223.24401179941003,370,694,-93686.31368631368
13.646966666666668,32968,220.89902329531668,371,695,-27932.06793206793
13.680333333333333,30242,222.29564843595,370,702,-81698.30169830169
13.713700000000001,31242,222.18955252544652,370,701,29970.02997002997
13.747066666666667,34021,222.39572616913082,371,685,83286.71328671328
13.780433333333333,32373,220.73375961449355,371,689,-49390.60939060939
13.8138,30746,223.8918233266116,371,694,-48761.238761238754
13.847166666666666,30540,222.92763588736085,371,695,-6173.8261738261735
13.880533333333334,29762,223.35115247631208,371,699,-23316.683316683313
13.9139,30692,222.0991137755767,371,698,27872.12787212787
13.947266666666668,30047,223.87849036509468,372,699,-19330.66933066933
13.980633333333333,29977,223.0985088567902,372,699,-2097.902097902098
14.014000000000001,28835,223.66037801283161,372,703,-34225.77422577422
14.047366666666667,27339,221.50879695672847,375,716,-44835.16483516483
14.080733333333333,26894,223.79969509927864,373,711,-13336.663336663336
14.1141,28245,223.03940520446096,376,716,40489.51048951049
14.147466666666666,27778,223.44805241558066,376,723,-13996.003996003994
14.180833333333334,27881,222.141781141279,376,717,3086.9130869130868
14.2142,26341,223.8673930374701,376,723,-46153.84615384615
14.247566666666668,26144,221.6077111383109,376,724,-5904.095904095903
14.280933333333333,24971,223.435785511193,376,724,-35154.84515484515
14.314300000000001,25243,222.01905478746582,376,723,8151.848151848151
14.347666666666667,25099,222.6543686999482,373,719,-4315.684315684315
14.381033333333333,24017,220.81175833784403,373,719,-32427.572427572424
14.4144,24160,221.1312086092715,373,719,4285.714285714285
14.447766666666666,24325,222.31428571428572,373,718,4945.054945054944
14.481133333333334,24745,220.4116791270964,374,718,12587.412587412586
14.5145,25036,220.85073494168398,374,717,8721.27872127872
14.547866666666668,24080,220.52624584717609,374,717,-28651.34865134865
14.581233333333333,25637,219.73284705698794,374,715,46663.33666333666
14.614600000000001,25126,222.59599617925656,374,717,-15314.685314685314
14.647966666666667,25989,222.16172226711302,219,631,25864.13586413586
14.681333333333333,26295,221.81532610762503,217,628,9170.82917082917
14.7147,27885,221.76381567150798,218,627,47652.34765234765
14.748066666666666,29211,223.89647735442128,230,626,39740.25974025974
14.781433333333334,30160,223.06289787798408,231,626,28441.558441558438
14.8148,29111,222.6625330631033,233,628,-31438.561438561435
14.848166666666668,29778,221.65934582577742,372,704,19990.00999000999
14.881533333333334,29643,222.5099686266572,233,627,-4045.954045954046
14.9149,29379,222.08669457775963,234,630,-7912.087912087912
14.948266666666667,31024,222.33042160907684,249,635,49300.6993006993
14.981633333333333,30660,221.22413568166994,247,635,-10909.090909090908
15.015,31510,220.67042208822596,293,652,25474.52547452547
15.048366666666666,31485,222.30735270763856,264,641,-749.2507492507492
15.081733333333334,30779,220.89674778257904,473,725,-21158.841158841158
15.1151,30433,222.15769066473894,472,727,-10369.63036963037
15.148466666666668,29149,219.36443788809223,473,728,-38481.51848151848
15.181833333333334,30163,221.79033915724563,473,726,30389.61038961039
15.2152,33713,222.48414558182304,263,642,106393.60639360639
15.248566666666667,30139,222.80759149275025,263,644,-107112.88711288711
15.281933333333333,28711,220.38340705652885,247,637,-42797.20279720279
15.3153,27906,222.79194438472013,256,642,-24125.874125874125
15.348666666666666,27863,222.34353802533826,247,635,-1288.7112887112887
15.382033333333334,27773,222.8642206459511,242,629,-2697.302697302697
15.4154,28509,220.3267740011926,472,735,22057.942057942055
15.448766666666668,27552,222.37877468060395,237,633,-28681.31868131868
15.482133333333334,26787,220.91361481315565,372,709,-22927.072927072924
15.5155,26268,221.88267093040963,372,711,-15554.445554445552
15.548866666666667,26732,220.5934834655095,373,711,13906.093906093905
15.582233333333333,26629,223.18502384618273,372,709,-3086.9130869130868
15.6156,27860,221.8572505384063,371,707,36893.10689310689
15.648966666666666,28272,221.98680673457838,374,712,12347.652347652347
15.682333333333334,26743,219.1775043936731,373,712,-45824.17582417582
15.7157,26251,222.27080873109597,373,711,-14745.254745254744
15.749066666666668,27297,221.47148038245962,373,710,31348.651348651347
15.782433333333334,27457,221.6216629639072,372,708,4795.204795204795
15.8158,25959,219.6258330444162,373,713,-44895.104895104894
15.849166666666667,25909,219.36489250839477,281,656,-1498.5014985014984
15.882533333333333,25956,221.1872399445215,288,650,1408.5914085914085
15.9159,25618,218.70458271527832,292,651,-10129.870129870129
15.949266666666666,25276,220.76582528881153,290,645,-10249.750249750248
15.982633333333334,24273,219.45779260907182,374,721,-30059.940059940058
16.016000000000002,24158,220.56391257554432,375,718,-3446.553446553446
16.049366666666668,24057,218.06334954483103,373,722,-3026.9730269730267
16.082733333333334,23477,218.58333688290668,373,722,-17382.61738261738
16.1161,23769,219.97909041188103,374,722,8751.24875124875
16.149466666666665,23483,218.01699101477664,373,723,-8571.42857142857
16.182833333333335,22255,220.81285104470905,373,724,-36803.1968031968
16.2162,22792,221.20976658476658,376,729,16093.906093906093
16.249566666666666,22855,221.11187923867863,376,729,1888.111888111888
16.282933333333332,22327,218.6781027455547,281,658,-15824.175824175823
16.316300000000002,21893,220.77910747727583,281,657,-13006.993006993005
16.349666666666668,21459,219.64956428538142,284,655,-13006.993006993005
16.383033333333334,21331,221.0137358773616,373,726,-3836.1638361638356
16.4164,21708,218.7781463055095,918,1019,11298.701298701299
16.449766666666665,22193,219.28554048573875,286,654,14535.464535464534
16.483133333333335,22540,221.0901952085182,286,655,10399.600399600398
16.5165,22934,219.76493415889072,290,658,11808.191808191807
16.549866666666667,22678,222.14441308757387,285,662,-7672.327672327671
16.583233333333332,23069,221.2206424205644,285,662,11718.281718281718
16.616600000000002,23234,221.83377808384265,288,666,4945.054945054944
16.649966666666668,24420,219.77981162981163,289,667,35544.455544455544
16.683333333333334,23710,221.63816954871362,292,663,-21278.721278721277
16.7167,24126,220.2784133300174,295,662,12467.532467532466
16.750066666666665,23271,221.6034549439216,296,660,-25624.37562437562
16.783433333333335,23979,218.78577088285584,295,663,21218.781218781216
16.8168,22699,220.8422838010485,305,661,-38361.63836163836
16.850166666666667,23118,220.44489142659398,291,666,12557.442557442557
16.883533333333332,22109,219.89868379393008,284,664,-30239.76023976024
16.916900000000002,22575,216.74024363233664,279,668,13966.033966033965
16.950266666666668,21403,218.87221417558285,281,661,-35124.87512487512
16.983633333333334,21794,218.2165733688171,281,661,11718.281718281718
17.017,21207,220.23878907907766,281,661,-17592.40759240759
17.050366666666665,22244,217.90285020679732,372,723,31078.921078921077
17.083733333333335,23087,221.2386191363105,290,669,25264.735264735264
17.1171,24025,220.55837669094694,290,669,28111.88811188811
17.150466666666667,23283,220.5096851780269,370,711,-22237.762237762236
17.183833333333332,23433,217.78619895019844,370,712,4495.504495504495
17.217200000000002,22404,216.74517943224424,370,715,-30839.160839160835
17.250566666666668,21425,218.69404900816804,371,719,-29340.65934065934
17.283933333333334,22273,218.93781708795402,290,671,25414.585414585414
17.3173,21902,219.75125559309652,290,672,-11118.881118881118
17.350666666666665,22742,218.1792278603465,293,668,25174.82517482517
17.384033333333335,21435,220.4303708887334,292,667,-39170.829170829165
17.4174,21132,219.36891917471135,287,660,-9080.91908091908
17.450766666666667,20759,218.7557204104244,907,1016,-11178.821178821177
17.484133333333332,21232,216.9806895252449,914,1018,14175.824175824175
17.517500000000002,20833,219.65713051408824,281,663,-11958.041958041957
17.550866666666668,20989,219.15260374481872,906,1015,4675.324675324675
17.584233333333334,20086,217.43866374589265,906,1015,-27062.93706293706
17.6176,21114,217.30160083357015,373,727,30809.190809190808
17.650966666666665,19739,215.87724808754243,283,664,-41208.791208791205
17.684333333333335,18976,218.7543739460371,906,1015,-22867.132867132867
17.7177,19593,217.49645281478078,913,1019,18491.50849150849
17.751066666666667,18792,217.97972541507025,905,1016,-24005.994005994005
17.784433333333332,19613,217.83827053484933,909,1017,24605.394605394602
17.817800000000002,19443,218.7310085892095,373,728,-5094.905094905094
17.851166666666668,20734,216.07485289862063,304,658,38691.30869130869
17.884533333333334,20278,219.93894861426176,295,659,-13666.333666333665
17.9179,20983,220.138636038698,296,660,21128.871128871127
17.951266666666665,20949,220.26512005346316,307,660,-1018.9810189810189
17.984633333333335,21596,218.57066123356176,307,660,19390.60939060939
18.018,22520,215.01536412078153,308,660,27692.30769230769
18.051366666666667,21821,218.20521515970853,306,656,-20949.050949050947
18.084733333333332,23361,217.0722999871581,307,655,46153.84615384615
18.118100000000002,22677,218.2836794990519,897,1013,-20499.500499500497
18.151466666666668,23582,215.3358493766432,373,729,27122.877122877122
18.184833333333334,22717,218.18281463221376,373,729,-25924.07592407592
18.2182,23639,218.17733406658488,373,730,27632.36763236763
18.251566666666665,23394,216.72116782080874,891,1012,-7342.657342657342
18.284933333333335,24314,216.02603438348277,892,1012,27572.42757242757
18.3183,23632,218.3444482058226,899,1015,-20439.56043956044
18.351666666666667,24112,216.8437292634373,897,1014,14385.614385614384
18.385033333333332,24542,217.61665715915572,897,1014,12887.112887112886
18.418400000000002,26219,215.43331172050802,897,1014,50259.740259740254
18.451766666666668,25009,218.32080451037626,377,697,-36263.73626373626
18.485133333333334,24840,217.5316425120773,377,700,-5064.9350649350645
18.5185,24024,217.17095404595403,895,1013,-24455.544455544452
18.551866666666665,25404,215.4623287671233,376,707,41358.641358641355
18.585233333333335,26911,218.33826316376204,376,707,45164.83516483516
18.6186,29707,217.55697310398222,371,689,83796.20379620379
18.651966666666667,30845,217.11687469606096,372,660,34105.894105894105
18.685333333333332,30962,215.89099541373295,373,662,3506.493506493506
18.718700000000002,30224,217.46264557967177,374,659,-22117.882117882116
18.752066666666668,31424,218.13874745417516,373,662,35964.03596403596
18.785433333333334,30122,218.21738264391476,374,697,-39020.979020979015
18.8188,29220,215.47180013689254,374,699,-27032.96703296703
18.852166666666665,29919,216.89642033490424,375,698,20949.050949050947
18.885533333333335,27883,216.92604812968474,375,700,-61018.981018981016
18.9189,28895,217.2534694583838,376,704,30329.670329670327
18.952266666666667,28516,217.2662014307757,376,704,-11358.641358641358
18.985633333333332,31254,217.3686888078326,377,704,82057.94205794205
19.019000000000002,29503,216.3615225570281,377,705,-52477.52247752247
19.052366666666668,31613,217.16803213867712,377,704,63236.76323676323
19.085733333333334,32837,216.77735481316807,376,699,36683.31668331668
19.1191,29217,216.04134579183352,377,702,-108491.50849150849
19.152466666666665,31019,215.60350107998323,376,701,54005.994005994
19.185833333333335,32990,215.59196726280692,375,694,59070.929070929065
19.2192,32253,216.37500387560846,375,693,-22087.912087912086
19.252566666666667,30343,218.02867218139275,376,694,-57242.75724275724
19.285933333333332,33245,216.3404722514664,375,691,86973.02697302696
19.319300000000002,31536,218.47307838660578,375,692,-51218.781218781216
19.352666666666668,30523,219.1274776398126,374,694,-30359.640359640358
19.386033333333334,28578,218.9338302190496,373,694,-58291.70829170829
19.4194,28673,217.15983678024622,372,690,2847.152847152847
19.452766666666665,28933,218.29727301005772,372,688,7792.2077922077915
19.486133333333335,29680,216.54626010781672,372,688,22387.612387612386
19.5195,29332,216.8460725487522,372,687,-10429.570429570429
19.552866666666667,28294,215.49618293631158,373,688,-31108.891108891105
19.586233333333332,27756,215.10714800403517,373,688,-16123.876123876122
19.619600000000002,26687,217.4085135084498,374,688,-32037.962037962036
19.652966666666668,28728,216.10272208298525,374,688,61168.831168831166
19.686333333333334,27765,217.7622906537007,375,690,-28861.138861138857
19.7197,27799,216.73171696823627,376,695,1018.9810189810189
19.753066666666665,26297,217.8624557934365,376,696,-45014.98501498501
19.786433333333335,27203,214.54931441385142,377,696,27152.84715284715
19.8198,26650,217.22971857410883,377,697,-16573.426573426572
19.853166666666667,27085,215.53933911759276,377,698,13036.963036963036
19.886533333333333,25990,217.17468257021932,377,697,-32817.18281718282
19.919900000000002,26358,214.51832460732984,375,702,11028.971028971027
19.953266666666668,28244,217.35469480243592,377,696,56523.47652347652
19.986633333333334,32606,216.68610071765931,392,675,130729.27072927072
20.02,33672,217.07267165597528,395,673,31948.051948051947
20.053366666666665,35597,214.85338652133606,400,658,57692.30769230769
20.086733333333335,37242,215.716073250631,400,655,49300.6993006993
20.1201,35502,215.88879499746494,372,703,-52147.85214785214
20.153466666666667,35051,215.57481954865767,372,703,-13516.483516483515
20.186833333333333,32088,214.4805223136375,372,706,-88801.1988011988
20.220200000000002,30233,218.1455032580293,369,703,-55594.40559440559
20.253566666666668,30769,216.85043387825408,369,701,16063.936063936062
20.286933333333334,30601,217.32727688637627,368,702,-5034.965034965035
20.3203,32915,215.82740391918577,369,699,69350.64935064934
20.353666666666665,33550,215.53168405365128,368,702,19030.96903096903
20.387033333333335,32577,217.57669521441508,368,702,-29160.839160839158
20.4204,30391,216.98808857885558,369,700,-65514.48551448551
20.453766666666667,29802,217.69908059861754,369,699,-17652.34765234765
20.487133333333333,30889,215.26999902878046,372,699,32577.422577422574
20.520500000000002,33297,217.12547676967895,372,697,72167.83216783217
20.553866666666668,33462,216.72183372183372,372,696,4945.054945054944
20.587233333333334,34815,216.29711331322704,372,695,40549.45054945054
20.6206,36922,215.32777206001842,373,686,63146.853146853144
20.653966666666665,35242,216.9106463878327,374,685,-50349.65034965034
20.687333333333335,38819,216.94180684716247,374,683,107202.7972027972
20.7207,38461,218.49567093939316,402,651,-10729.27072927073
20.754066666666667,42801,215.43452255788415,418,656,130069.93006993007
20.787433333333333,45279,217.96146116301156,421,650,74265.73426573425
20.820800000000002,47858,217.40791508211794,423,646,77292.70729270729
20.854166666666668,48833,218.92546024204944,425,644,29220.77922077922
20.887533333333334,52069,217.4612917474889,436,650,96983.01698301698
20.9209,53315,218.8038450717434,438,649,37342.65734265734
20.954266666666665,55903,220.45580738064146,421,650,77562.43756243755
20.987633333333335,53688,218.40491357472806,442,648,-66383.61638361638
21.021,56323,220.19219501802107,424,652,78971.02897102897
21.054366666666667,57847,219.76059259771466,426,650,45674.32567432567
21.087733333333333,57492,221.34627426424547,417,632,-10639.360639360639
21.121100000000002,59886,219.72925224593394,430,648,71748.25174825174
21.154466666666668,62456,222.13042782118612,429,645,77022.97702297702
21.187833333333334,66921,221.47608374052987,431,640,133816.1838161838
21.2212,65814,222.04726957790135,433,640,-33176.82317682317
21.254566666666665,67911,221.5373356304575,434,638,62847.15284715284
21.287933333333335,70236,222.69727774930234,436,638,69680.31968031968
21.3213,68107,221.41293846447502,437,639,-63806.1938061938
21.354666666666667,68932,220.8226803226368,455,633,24725.274725274725
21.388033333333333,69366,219.54185047429576,459,635,13006.993006993005
21.421400000000002,72086,221.3712648780623,462,631,81518.48151848151
21.454766666666668,69519,218.9379737913376,463,635,-76933.06693306693
21.488133333333334,72871,220.8333767891205,464,632,100459.54045954045
21.5215,73826,219.29692791157586,465,632,28621.37862137862
21.554866666666666,77918,220.74616904951358,466,629,122637.36263736263
21.588233333333335,76696,221.8642693230416,453,631,-36623.37662337662
21.6216,75735,221.66959794018618,451,632,-28801.1988011988
21.654966666666667,79149,222.3714386789473,455,626,102317.68231768231
21.688333333333333,76731,221.32376744731596,453,628,-72467.53246753247
21.721700000000002,78617,223.25896434613378,455,626,56523.47652347652
21.755066666666668,83457,222.8334711288448,455,623,145054.94505494504
21.788433333333334,83953,223.55163007873452,457,623,14865.134865134864
21.8218,84905,222.16563217713914,461,626,28531.46853146853
21.855166666666666,82610,221.6373562522697,457,628,-68781.21878121878
21.888533333333335,82328,221.75657127587212,458,629,-8451.548451548451
21.9219,88930,223.47251771055886,467,623,197862.13786213784
21.955266666666667,95649,224.55162103106147,471,619,201368.63136863135
21.988633333333333,95794,223.8616510428628,470,622,4345.654345654345
22.022000000000002,96699,223.3179764009969,473,622,27122.877122877122
22.055366666666668,93755,220.40029865073862,470,627,-88231.76823176822
22.088733333333334,91609,220.81627351024463,471,629,-64315.68431568431
22.1221,96291,221.02071844720692,475,626,140319.6803196803
22.155466666666666,90752,221.3630443406206,471,636,-166003.996003996
22.188833333333335,86431,219.98357070958338,471,639,-129500.49950049949
22.2222,87225,222.0383147033534,473,640,23796.203796203794
22.255566666666667,84794,221.1357879095219,469,642,-72857.14285714286
22.288933333333333,82788,221.72359520703483,464,644,-60119.880119880116
22.322300000000002,81744,220.74405460951263,464,644,-31288.711288711285
22.355666666666668,84648,221.09227624988188,467,645,87032.96703296702
22.389033333333334,80509,219.80468022208697,463,643,-124045.95404595403
22.4224,78836,221.44942665787204,463,644,-50139.86013986014
22.455766666666666,80024,220.78094071778466,464,646,35604.3956043956
22.489133333333335,74967,221.9841663665346,459,646,-151558.44155844155
22.5225,71157,222.8370645193024,447,646,-114185.81418581418
22.555866666666667,74997,221.96921210181742,459,646,115084.91508491508
22.589233333333333,71231,220.71339725681236,452,645,-112867.13286713285
22.622600000000002,72284,222.08975706933762,453,645,31558.441558441555
22.655966666666668,76486,221.75281750908664,459,644,125934.06593406592
22.689333333333334,78332,222.42461573814023,462,642,55324.67532467532
22.7227,78172,221.57520595609682,457,641,-4795.204795204795
22.756066666666666,83499,222.25783542317873,468,637,159650.34965034964
22.789433333333335,77157,221.3906709695815,472,634,-190069.93006993007
22.8228,77108,223.3162188099808,472,631,-1468.5314685314684
22.856166666666667,80807,221.03231155716708,476,628,110859.14085914085
22.889533333333333,82602,222.37713372557565,476,626,53796.203796203794
22.922900000000002,85786,222.2959224115823,464,629,95424.57542457542
22.956266666666668,86876,222.75523734978592,469,627,32667.332667332663
22.989633333333334,81491,218.98555668724154,482,624,-161388.61138861137
23.023,86355,220.94784320537318,485,618,145774.22577422575
23.056366666666666,84265,218.6491663205364,485,618,-62637.36263736263
23.089733333333335,87352,219.03436670024726,483,617,92517.48251748251
23.1231,80260,215.67377273859955,470,627,-212547.45254745253
23.156466666666667,80784,215.7414834620717,471,629,15704.295704295702
23.189833333333333,78520,216.3336347427407,485,626,-67852.14785214784
23.223200000000002,76687,214.79105976241084,485,629,-54935.06493506493
23.256566666666668,75846,215.5047728291538,485,628,-25204.795204795202
23.289933333333334,76261,215.33951823343517,472,635,12437.562437562436
23.3233,74887,214.90625876320323,472,635,-41178.82117882118
23.356666666666666,67523,213.99035884069133,478,641,-220699.3006993007
23.390033333333335,87994,215.09773393640475,494,613,613516.4835164835
23.4234,76574,213.27423146237626,432,654,-342257.7422577422
23.456766666666667,82105,213.84616040436026,476,625,165764.23576423575
23.490133333333333,81810,212.83850385038505,476,622,-8841.15884115884
23.523500000000002,86036,212.3353828629876,480,617,126653.34665334664
23.556866666666668,86691,213.68355423285,486,616,19630.369630369627
23.590233333333334,80652,213.21623766304617,481,620,-180989.01098901097
23.6236,82422,213.65859843245735,481,617,53046.953046953044
23.656966666666666,68510,214.81906291052402,458,630,-416943.05694305693
23.690333333333335,77131,214.4841114467594,472,620,258371.62837162835
23.7237,68968,214.16085720914046,461,628,-244645.35464535462
23.757066666666667,66404,215.61428528401905,449,633,-76843.15684315683
23.790433333333333,69636,215.42564190935724,447,630,96863.13686313685
23.823800000000002,60509,216.48986101241138,431,648,-273536.4635364635
23.857166666666668,66970,216.67937882634016,445,628,193636.36363636362
23.890533333333334,64384,217.7490680914513,440,633,-77502.4975024975
23.9239,65644,218.8637651575163,438,635,37762.23776223776
23.957266666666666,66731,220.29493039217155,442,634,32577.422577422574
23.990633333333335,66209,219.28109471521998,441,637,-15644.355644355643
24.024,65549,220.3408137423912,444,635,-19780.219780219777
24.057366666666667,62964,219.30517438536307,437,642,-77472.52747252746
24.090733333333333,67229,219.93269273676538,451,630,127822.17782217781
24.124100000000002,64620,218.83862581244196,442,639,-78191.80819180819
24.157466666666668,64323,220.9162507967601,443,638,-8901.0989010989
24.190833333333334,66341,219.21413605462686,449,637,60479.52047952048
24.2242,65200,220.4092944785276,446,639,-34195.804195804194
24.257566666666666,70040,219.1507281553398,453,633,145054.94505494504
24.290933333333335,65700,221.06050228310502,450,644,-130069.93006993007
24.3243,69580,219.63582926128197,461,632,116283.71628371628
24.357666666666667,68971,220.08109205318178,459,632,-18251.74825174825
24.391033333333333,70603,220.42112941376428,462,635,48911.088911088904
24.424400000000002,63683,222.37840553994002,454,635,-207392.60739260737
24.457766666666668,62606,224.07452959780213,449,638,-32277.722277722274
24.491133333333334,72292,222.87134122724507,463,626,290289.71028971026
24.5245,66557,222.8042129302703,458,633,-171878.12187812186
24.557866666666666,69065,223.01759212336205,458,633,75164.83516483515
24.591233333333335,76288,223.23231700922818,471,624,216473.52647352646
24.6246,71532,223.43644802326233,458,632,-142537.46253746253
24.657966666666667,72456,223.90822016120129,462,631,27692.30769230769
24.691333333333333,76337,223.18392129635694,465,629,116313.68631368631
